id	type	sequence	comment
BASIC_SEVA_37_CmR-p15A.1	backbone	TTTATCTGATTAATAAGATGATCTTCTTGAGATCGTTTTGGTCTGCGCGTAATCTCTTGCTCTGAAAACGAAAAAACCGCCTTGCAGGGCGGTTTTTCGAAGGTTCTCTGAGCTACCAACTCTTTGAACCGAGGTAACTGGCTTGGAGGAGCGCAGTCACCAAAACTTGTCCTTTCAGTTTAGCCTTAACCGGCGCATGACTTCAAGACTAACTCCTCTAAATCAATTACCAGTGGCTGCTGCCAGTGGTGCTTTTGCATGTCTTTCCGGGTTGGACTCAAGACGATAGTTACCGGATAAGGCGCAGCGGTCGGACTGAACGGGGGGTTCGTGCATACAGTCCAGCTTGGAGCGAACTGCCTACCCGGAACTGAGTGTCAGGCGTGGAATGAGACAAACGCGGCCATAACAGCGGAATGACACCGGTAAACCGAAAGGCAGGAACAGGAGAGCGCACGAGGGAGCCGCCAGGGGGAAACGCCTGGTATCTTTATAGTCCTGTCGGGTTTCGCCACCACTGATTTGAGCGTCAGATTTCGTGATGCTTGTCAGGGGGGCGGAGCCTATGGAAAAACGGCTTTTGCCGCGGCCCTCTCACTTCCCTGTTAAGTATCTTCCTGGCATCTTCCAGGAAATCTCCGCCCCGTTCGTAAGCCATTTCCGCTCGCCGCAGTCGAACGACCGAGCGTAGCGAGTCAGTGAGCGAGGAAGCGGAATATATCCGGCGCGCCCAGCTGTCTAGGGCGGCGGATTTGTCCTACTCAGGAGAGCGTTCACCGACAAACAACAGATAAAACGAAAGGCCCAGTCTTTCGACTGAGCCTTTCGTTTTATTTGATGCCTTTAATTAAGGCTCGGGAGACCTATCGGTAATAACAGTCCAATCTGGTGTAACTTCGGAATCGTCCTTGACAGCTAGCTCAGTCCTAGGTATAATGCTAGCTACTAGTGAAAGAGGAGAAATACTAGTATGGTTAGCAAAGGCGAGGCGGTTATCAAGGAGTTTATGCGTTTTAAGGTTCACATGGAGGGTAGCATGAATGGTCACGAGTTCGAGATCGAGGGTGAAGGCGAGGGTCGTCCGTACGAAGGCACCCAGACCGCGAAGCTGAAAGTGACCAAGGGTGGCCCGCTGCCGTTCAGCTGGGACATCCTGAGCCCGCAGTTCATGTATGGCAGCCGTGCGTTTACCAAACACCCGGCGGACATTCCGGATTACTATAAGCAAAGCTTCCCGGAAGGTTTTAAATGGGAGCGTGTTATGAACTTCGAAGATGGTGGCGCGGTGACCGTTACCCAGGACACCAGCCTGGAGGATGGCACCCTGATTTACAAGGTGAAACTGCGTGGCACCAACTTTCCGCCGGATGGTCCGGTTATGCAGAAGAAAACGATGGGTTGGGAAGCGAGCACCGAGCGTCTGTATCCGGAAGATGGCGTGCTGAAGGGTGATATCAAAATGGCGCTGCGTCTGAAGGACGGTGGCCGTTACCTGGCGGATTTTAAGACCACCTATAAAGCGAAGAAACCGGTGCAAATGCCGGGTGCGTACAACGTTGACCGTAAACTGGATATTACCAGCCACAACGAGGATTATACCGTGGTTGAGCAATATGAGCGTAGCGAGGGTCGCCACAGCACCGGCGGCATGGACGAACTGTATAAGGGATCCTAATAACGCTGATAGTGCTAGTGTAGATCGCTACTAGAGCCAGGCATCAAATAAAACGAAAGGCTCAGTCGAAAGACTGGGCCTTTCGTTTTATCTGTTGTTTGTCGGTGAACGCTCTCTACTAGAGTCACACTGGCTCACCTTCGGGTGGGCCTTTCTGCGTTTATATACTGGCTCGGGTAAGAACTCGCACTTCGTGGAAACACTATTATCTGGTGGGTCTCTGTCCACTAGTCTTGGACTCCTGTTGATAGATCCAGTAATGACCTCAGAACTCCATCTGGATTTGTTCAGAACGCTCGGTTGCCGCCGGGCGTTTTTTATTGGTGAGAATCCAGGGGTCCCCAATAATTACGATTTAAATTGGCGAAAATGAGACGTTGATCGGCACGTAAGAGGTTCCAACTTTCACCATAATGAAATAAGATCACTACCGGGCGCTGAGAGATCCCCTCATAATTTCCCCAAAGCGTAACCATGTGTGAATAAATTTTGAGCTAGTAGGGTTGCAGCCACGAGTAAGTCTTCCCTTGTTATTGTGTAGCCAGAATGCCGCAAAACTTCCATGCCTAAGCGAACTGTTGAGAGTACGTTTCGATTTCTGACTGTGTTAGCCTGGAAGTGCTTGTCCCAACCTTGTTTCTGAGCATGAACGCCCGCAAGCCAACATGTTAGTTGAAGCATCAGGGCGATTAGCAGCATGATATCAAAACGCTCTGAGCTGCTCGTTCGGCTATGGCGTAGGCCTAGTCCGTAGGCAGGACTTTTCAAGTCTCGGAAGGTTTCTTCAATCTGCATTCGCTTCGAATAGATATTAACAAGTTGTTTGGGTGTTCGAATTTCAACAGGTAAGTTAGTTGCTAGAACCCATGGCTCCTTTGCCGACGCTGAGTAGATTTTAGGTGACGGGTGGTGACAATGAGTCCGTGTCGAGCGCTGATTTTTTCGGCCTTTAGAGCGAGATTTATACAATAGAATTTGGCATGAGATTGGATTGCTTTTAGTCAGCCTCTTATAGCCTAAAGTCTTTGAGTGACTAGATGACATATCATGTAAGTTGCTGATAGGTTTCCAGTTTTCCGCTCCTAGGTCTGCATATTGTACTTTTCCTCTTACTCGACTTAACCAGTACCAACCCAGCTTCTCAACGGATTTATACCATGGCACTTTAAAGCCAGCATCACTGACAATGAGCGGTGTGGTGTTACTCGGTAGAATGCTCGCAAGGTCGGCTAGAAATTGGTCATGAGCTTTCTTTGAACATTGCTCTGAAAGCGGGAACGCTTTCTCATAAAGAGTAACAGAACGACCGTGTAGTGCGACTGAAGCTCGCAATACCATAAGTCGTTTTTGCTCACGAATATCAGACCAGTCAACAAGTACAATGGGCATCGTATTGCCCGAACAGATAAAGCTAGCATGCCAACGGTATACAGCGAGTCGCTCTTTGTGGAGGTGACGATTACCTAACAATCGGTCGATTCGTTTGATGTTATGTTTTGTTCTCGCTTTGGTTGGCAGGTTACGGCCAAGTTCGGTAAGAGTGAGAGTTTTACAGTCAAGTAATGCGTGGCAAGCCAACGTTAAGCTGTTGAGTCGTTTTAAGTGTAATTCGGGGCAGAATTGGTAAAGAGAGTCGTGTAAAATATCGAGTTCGCACATCTTGTTGTCTGATTATTGATTTTTCGCGAAACCATTTGATCATATGACAAGATGTGTATCCACCTTAACTTAATGATTTTTACCAAAATCATTAGGGGATTCATCAGTACCGGGCGTATTTTTTGAGTTATCGAGATTTTCAGGAGCTAAGGAAGCTAAAATGGAGAAAAAAATCACTGGATATACCACCGTTGATATATCCCAATGGCATCGTAAAGAACATTTTGAGGCATTTCAGTCAGTTGCTCAATGTACCTATAACCAGACCGTTCAGCTGGATATTACGGCCTTTTTAAAGACCGTAAAGAAAAATAAGCACAAGTTTTATCCGGCCTTTATTCACATTCTTGCCCGCCTGATGAATGCTCATCCGGAATTTCGTATGGCAATGAAAGACGGTGAGCTGGTGATATGGGATAGTGTTCACCCTTGTTACACCGTTTTCCATGAGCAAACTGAAACGTTTTCATCGCTCTGGAGTGAATACCACGACGATTTCCGGCAGTTTCTACACATATATTCGCAAGATGTGGCGTGTTACGGTGAAAACCTGGCCTATTTCCCTAAAGGGTTTATTGAGAATATGTTTTTCGTCTCAGCCAATCCCTGGGTGAGTTTCACCAGTTTTGATTTAAACGTGGCCAATATGGACAACTTCTTCGCCCCCGTTTTCACCATGGGCAAATATTATACGCAAGGCGACAAGGTGCTGATGCCGCTGGCGATTCAGGTTCATCATGCCGTTTGTGATGGCTTCCATGTCGGCAGAATGCTTAATGAATTACAACAGTACTGCGATGAGTGGCAGGGCGGGGCGTAATTTGACTTTTGTCGGCTCGACCCACGACTATTGACTGCTCTGAGAAAGTTGATTGTTACGATTAGTCCGGCCGGCCCTAGAAATAT
L1	neutral linker	GGCTCGTTACTTACGACACTCCGAGACAGTCAGAGGGTATTTATTGAACTAGTCC
L2	neutral linker	GGCTCGATCGGTGTGAAAAGTCAGTATCCAGTCGTGTAGTTCTTATTACCTGTCC
L3	neutral linker	GGCTCGATCACGGCACTACACTCGTTGCTTTATCGGTATTGTTATTACAGAGTCC
L4	neutral linker	GGCTCGACCCACGACTATTGACTGCTCTGAGAAAGTTGATTGTTACGATTAGTCC
L5	neutral linker	GGCTCGAGAAGTAGTGCCACAGACAGTATTGCTTACGAGTTGATTTATCCTGTCC
L6	neutral linker	GGCTCGGTATTGTAAAGCACGAAACCTACGATAAGAGTGTCAGTTCTCCTTGTCC
L7	neutral linker	GGCTCGAACTTTTACGGGTGCCGACTCACTATTACAGACTTACTACAATCTGTCC
LMP	methylated linker	GGCTCGGGTAAGAACTCGCACTTCGTGGAAACACTATTATCTGGTGGGTCTCTGTCC
LMS	methylated linker	GGCTCGGGAGACCTATCGGTAATAACAGTCCAATCTGGTGTAACTTCGGAATCGTCC
UTR1-RBS1	RBS linker	GGCTCGTTGAACACCGTCTCAGGTAAGTATCAGTTGTAAATCACACAGGACTAGTCC	alt IDs: L1RBS1
UTR1-RBS2	RBS linker	GGCTCGTTGAACACCGTCTCAGGTAAGTATCAGTTGTAAAAAGAGGGGAAATAGTCC	alt IDs: L1RBS2, UTR-A-RBSc
UTR1-RBS3	RBS linker	GGCTCGTTGAACACCGTCTCAGGTAAGTATCAGTTGTAAAAAGAGGAGAAATAGTCC	alt IDs: L1RBS3, UTR-A-RBSa
UTR1-RBS4	RBS linker	GGCTCGTTGAACACCGTCTCAGGTAAGTATCAGTTGTAAATCACAAGGAGGTAGTCC	alt IDs: L1RBS4
UTR2-RBS1	RBS linker	GGCTCGTGTTACTATTGGCTGAGATAAGGGTAGCAGAAAATCACACAGGACTAGTCC	alt IDs: L2RBS1
UTR2-RBS2	RBS linker	GGCTCGTGTTACTATTGGCTGAGATAAGGGTAGCAGAAAAAAGAGGGGAAATAGTCC	alt IDs: L2RBS2, UTR C-RBSc
UTR2-RBS3	RBS linker	GGCTCGTGTTACTATTGGCTGAGATAAGGGTAGCAGAAAAAAGAGGAGAAATAGTCC	alt IDs: L2RBS3
UTR2-RBS4	RBS linker	GGCTCGTGTTACTATTGGCTGAGATAAGGGTAGCAGAAAATCACAAGGAGGTAGTCC	alt IDs: L2RBS4
# UTR-A-RBSb	RBS linker	ggctcgttgaacaccgtctcaggtaagtatcagttgtaaatctaaggaggtagtcc
# UTR-A-RBSd	RBS linker	ggctcgttgaacaccgtctcaggtaagtatcagttgtaaatcccaggaggtagtcc
# UTR-A-RBSe	RBS linker	ggctcgttgaacaccgtctcaggtaagtatcagttgtaaatctcgggaggtagtcc
# UTR-B-RBSc	RBS linker	ggctcggtatctcgtggtctgacggtaaaatctattgtaaaagaggggaaatagtcc	alt IDs (?): LxRBS2, UTR-B-RBSc
# UTR D-RBSc	RBS linker	ggctcgttataccctgtcccggctgtgtattctatgtaaaaagaggggaaatagtcc	alt IDs (?): LxRBS2, UTR D-RBSc
# UTR E-RBSc	RBS linker	ggctcgttatacagcgtcttgacgataaaacatatgtaaaaagaggggaaatagtcc	alt IDs (?): LxRBS2, UTR E-RBSc
PJ23101_BASIC	constitutive promoter	tctggtgggtctctgtccCCAATTATTGAACACCCTTCGGGGTGTTTTTTTGTTTCTGGTCTACCATCTCGTTGTGATAATAGACCTGAAGTGCCTACTCTGGAAAATCTTTTACAGCTAGCTCAGTCCTAGGTATTATGCTAGCAGCTGTCACCGGATGTGCTTTCCGGTCTGATGAGTCCGTGAGGACGAAACAGCCTCTACAAATAATTTTGTTTAAggctcgggagacctatcg
PJ23104_BASIC	constitutive promoter	tctggtgggtctctgtccCCAATTATTGAACACCCTTCGGGGTGTTTTTTTGTTTCTGGTCTACCATCTCGTTGTGATAATAGACCTGAAGTGCCTACTCTGGAAAATCTTTGACAGCTAGCTCAGTCCTAGGTATTGTGCTAGCAGCTGTCACCGGATGTGCTTTCCGGTCTGATGAGTCCGTGAGGACGAAACAGCCTCTACAAATAATTTTGTTTAAggctcgggagacctatcg
PJ23108_BASIC	constitutive promoter	tctggtgggtctctgtccCCAATTATTGAACACCCTTCGGGGTGTTTTTTTGTTTCTGGTCTACCATCTCGTTGTGATAATAGACCTGAAGTGCCTACTCTGGAAAATCTCTGACAGCTAGCTCAGTCCTAGGTATAATGCTAGCAGCTGTCACCGGATGTGCTTTCCGGTCTGATGAGTCCGTGAGGACGAAACAGCCTCTACAAATAATTTTGTTTAAggctcgggagacctatcg
PJ23111_BASIC	constitutive promoter	tctggtgggtctctgtccCCAATTATTGAACACCCTTCGGGGTGTTTTTTTGTTTCTGGTCTACCATCTCGTTGTGATAATAGACCTGAAGTGCCTACTCTGGAAAATCTTTGACGGCTAGCTCAGTCCTAGGTATAGTGCTAGCAGCTGTCACCGGATGTGCTTTCCGGTCTGATGAGTCCGTGAGGACGAAACAGCCTCTACAAATAATTTTGTTTAAggctcgggagacctatcg
PJ23119_BASIC	constitutive promoter	tctggtgggtctctgtccCCAATTATTGAACACCCTTCGGGGTGTTTTTTTGTTTCTGGTCTACCATCTCGTTGTGATAATAGACCTGAAGTGCCTACTCTGGAAAATCTTTGACAGCTAGCTCAGTCCTAGGTATAATGCTAGCAGCTGTCACCGGATGTGCTTTCCGGTCTGATGAGTCCGTGAGGACGAAACAGCCTCTACAAATAATTTTGTTTAAggctcgggagacctatcg