id	type	sequence
UTR-A-RBSa	UTR-RBS linker	ggctcgttgaacaccgtctcaggtaagtatcagttgtaaaaagaggagaaatagtcc
UTR-A-RBSb	UTR-RBS linker	ggctcgttgaacaccgtctcaggtaagtatcagttgtaaatctaaggaggtagtcc
UTR-A-RBSc	UTR-RBS linker	ggctcgttgaacaccgtctcaggtaagtatcagttgtaaaaagaggggaaatagtcc
UTR-A-RBSd	UTR-RBS linker	ggctcgttgaacaccgtctcaggtaagtatcagttgtaaatcccaggaggtagtcc
UTR-A-RBSe	UTR-RBS linker	ggctcgttgaacaccgtctcaggtaagtatcagttgtaaatctcgggaggtagtcc
UTR-B-RBSc	UTR-RBS linker	ggctcggtatctcgtggtctgacggtaaaatctattgtaaaagaggggaaatagtcc
UTR C-RBSc	UTR-RBS linker	ggctcgtgttactattggctgagataagggtagcagaaaaaagaggggaaatagtcc
UTR D-RBSc	UTR-RBS linker	ggctcgttataccctgtcccggctgtgtattctatgtaaaaagaggggaaatagtcc
UTR E-RBSc	UTR-RBS linker	ggctcgttatacagcgtcttgacgataaaacatatgtaaaaagaggggaaatagtcc
LMS	methylated linker	ggctcgggagacctatcggtaataacagtccaatctggtgtaacttcggaatcgtcc
LMP	methylated linker	ggctcgggtaagaactcgcacttcgtggaaacactattatctggtgggtctctgtcc
L1	neutral linker	ggctcgttacttacgacactccgagacagtcagagggtatttattgaactagtcc
L2	neutral linker	ggctcgatcggtgtgaaaagtcagtatccagtcgtgtagttcttattacctgtcc
L3	neutral linker	ggctcgatcacggcactacactcgttgctttatcggtattgttattacagagtcc
L4	neutral linker	ggctcgacccacgactattgactgctctgagaaagttgattgttacgattagtcc
L5	neutral linker	ggctcgagaagtagtgccacagacagtattgcttacgagttgatttatcctgtcc
